ticker,name,sector_etf,weight_pct
NVDA,NVIDIA,XLK,5.25595
AAPL,APPLE,XLK,4.66879
MSFT,MICROSOFT,XLK,3.54278
AMZN,AMAZON.COM INC,XLY,2.35574
GOOGL,ALPHABET CLASS A,XLC,1.93797
AVGO,BROADCOM INC,XLK,1.60853
META,META PLATFORMS CLASS A,XLC,1.53993
GOOG,ALPHABET CLASS C,XLC,1.53445
MU,MICRON TECHNOLOGY,XLK,1.11895
TSLA,TESLA INC,XLY,1.02279
AMD,ADVANCED MICRO DEVICES,XLK,1.0051
LLY,ELI LILLY,XLV,0.88215
JPM,JPMORGAN CHASE & CO,XLF,0.84876
BRK.B,BERKSHIRE HATHAWAY INC CLASS B,XLF,0.66751
XOM,EXXONMOBIL HOLDINGS CORP,XLE,0.65274
V,VISA CLASS A,XLF,0.59147
JNJ,JOHNSON & JOHNSON,XLV,0.58275
INTC,INTEL CORPORATION,XLK,0.47107
ABBV,ABBVIE,XLV,0.44813
MA,MASTERCARD CLASS A,XLF,0.44783
CSCO,CISCO SYSTEMS INC,XLK,0.44247
WMT,WALMART,XLP,0.43752
LRCX,LAM RESEARCH,XLK,0.40059
AMAT,APPLIED MATERIAL INC,XLK,0.3997
PLTR,PALANTIR TECHNOLOGIES CLASS A,XLK,0.39686
COST,COSTCO WHOLESALE CORP,XLP,0.39379
CAT,CATERPILLAR INC,XLI,0.3752
CVX,CHEVRON,XLE,0.3639
BAC,BANK OF AMERICA,XLF,0.34932
MRK,MERCK & CO INC,XLV,0.32872
UNH,UNITEDHEALTH GROUP,XLV,0.32492
PG,PROCTER & GAMBLE,XLP,0.32261
PANW,PALO ALTO NETWORKS,XLK,0.32115
KO,COCA-COLA,XLP,0.31707
GE,GE AEROSPACE,XLI,0.30501
PM,PHILIP MORRIS INTERNATIONAL,XLP,0.27383
NFLX,NETFLIX,XLC,0.27234
HD,HOME DEPOT,XLY,0.26633
GEV,GE VERNOVA,XLI,0.26191
CRWD,CROWDSTRIKE HOLDINGS CLASS A,XLK,0.25752
TXN,TEXAS INSTRUMENT INC,XLK,0.25428
GS,GOLDMAN SACHS GROUP,XLF,0.25398
SNDK,SANDISK,XLK,0.24715
KLAC,KLA,XLK,0.24211
WFC,WELLS FARGO,XLF,0.23972
ORCL,ORACLE,XLK,0.23729
RTX,RTX,XLI,0.23476
TMO,THERMO FISHER SCIENTIFIC INC,XLV,0.23147
MRVL,MARVELL TECHNOLOGY,XLK,0.23011
ANET,ARISTA NETWORKS,XLK,0.22066
LIN,LINDE PLC,XLB,0.21631
MS,MORGAN STANLEY,XLF,0.21614
C,CITIGROUP,XLF,0.20838
APH,AMPHENOL CORP CLASS A,XLK,0.20676
AMGN,AMGEN INC,XLV,0.20642
IBM,INTERNATIONAL BUSINESS MACHINES,XLK,0.19772
ADI,ANALOG DEVICES,XLK,0.19742
QCOM,QUALCOMM,XLK,0.18419
VZ,VERIZON COMMUNICATIONS INC,XLC,0.18288
DIS,WALT DISNEY,XLC,0.17609
CRM,SALESFORCE,XLK,0.17091
DELL,DELL TECHNOLOGIES INC CLASS C,XLK,0.17018
GILD,GILEAD SCIENCES,XLV,0.16756
STX,SEAGATE TECHNOLOGY HOLDINGS PLC,XLK,0.16705
DE,DEERE,XLI,0.16501
ETN,EATON PLC,XLI,0.16023
T,AT&T,XLC,0.16014
ABT,ABBOTT LABORATORIES,XLV,0.16004
PEP,PEPSICO,XLP,0.15778
SCHW,CHARLES SCHWAB,XLF,0.15657
MCD,MCDONALDS CORP,XLY,0.15468
AXP,AMERICAN EXPRESS,XLF,0.15386
WELL,WELLTOWER,XLRE,0.15148
NEE,NEXTERA ENERGY,XLU,0.15108
UNP,UNION PACIFIC,XLI,0.15074
COP,CONOCOPHILLIPS,XLE,0.15064
PFE,PFIZER,XLV,0.14895
BLK,BLACKROCK,XLF,0.14756
TJX,TJX,XLY,0.14631
BA,BOEING,XLI,0.13877
WDC,WESTERN DIGITAL CORP,XLK,0.13617
GLW,CORNING,XLK,0.13582
ISRG,INTUITIVE SURGICAL,XLV,0.13564
NOW,SERVICENOW,XLK,0.13506
DHR,DANAHER,XLV,0.12897
MPC,MARATHON PETROLEUM,XLE,0.12889
VRTX,VERTEX PHARMACEUTICALS,XLV,0.12264
FTNT,FORTINET,XLK,0.12235
VLO,VALERO ENERGY CORP,XLE,0.12096
NEM,NEWMONT,XLB,0.12054
BKNG,BOOKING HOLDINGS,XLY,0.11976
SPGI,S&P GLOBAL,XLF,0.11834
UBER,UBER TECHNOLOGIES,XLI,0.11725
PGR,PROGRESSIVE,XLF,0.11531
BMY,BRISTOL MYERS SQUIBB,XLV,0.11521
PLD,PROLOGIS REIT,XLRE,0.11433
PH,PARKER-HANNIFIN,XLI,0.11251
MCK,MCKESSON CORP,XLV,0.11134
COF,CAPITAL ONE FINANCIAL CORP,XLF,0.11126
CB,CHUBB,XLF,0.11092
PSX,PHILLIPS 66,XLE,0.10976
ACN,ACCENTURE PLC CLASS A,XLK,0.10974
MO,ALTRIA GROUP INC,XLP,0.10695
LMT,LOCKHEED MARTIN CORP,XLI,0.10271
NET,CLOUDFLARE CLASS A,XLK,0.10253
SBUX,STARBUCKS CORP,XLY,0.10236
SNOW,SNOWFLAKE,XLK,0.10233
CVS,CVS HEALTH,XLV,0.10186
BNY,BANK OF NEW YORK MELLON CORP,XLF,0.10138
MDT,MEDTRONIC PLC,XLV,0.10111
ADP,AUTOMATIC DATA PROCESSING INC,XLI,0.10036
TT,TRANE TECHNOLOGIES PLC,XLI,0.09986
FCX,FREEPORT MCMORAN INC,XLB,0.09721
LOW,LOWES COMPANIES INC,XLY,0.09695
PWR,QUANTA SERVICES INC,XLI,0.09638
EQIX,EQUINIX REIT,XLRE,0.09596
CDNS,CADENCE DESIGN SYSTEMS,XLK,0.09459
ADBE,ADOBE INC,XLK,0.09362
SNPS,SYNOPSYS,XLK,0.09259
JCI,JOHNSON CONTROLS INTERNATIONAL PLC,XLI,0.09237
CSX,CSX,XLI,0.09015
SYK,STRYKER,XLV,0.08877
CEG,CONSTELLATION ENERGY CORP,XLU,0.08868
CME,CME GROUP CLASS A,XLF,0.08815
EMR,EMERSON ELECTRIC,XLI,0.08751
HPE,HEWLETT PACKARD ENTERPRISE,XLK,0.08677
SO,SOUTHERN,XLU,0.08642
WMB,WILLIAMS,XLE,0.0864
HWM,HOWMET AEROSPACE,XLI,0.08618
SPCX,SPACE EXPLORATION TECHNOLOGIES COR,XLC,0.08584
VRT,VERTIV HOLDINGS CLASS A,XLI,0.08542
MMM,3M,XLI,0.08519
DUK,DUKE ENERGY CORP,XLU,0.08491
USB,US BANCORP,XLF,0.08433
MAR,MARRIOTT INTERNATIONAL CLASS A,XLY,0.08415
PNC,PNC FINANCIAL SERVICES GROUP,XLF,0.0826
ELV,ELEVANCE HEALTH INC,XLV,0.08252
DDOG,DATADOG INC CLASS A,XLK,0.08203
HOOD,ROBINHOOD MARKETS CLASS A,XLF,0.08135
BX,BLACKSTONE,XLF,0.0803
WM,WASTE MANAGEMENT INC,XLI,0.07936
ICE,INTERCONTINENTAL EXCHANGE INC,XLF,0.07894
TMUS,T MOBILE US INC,XLC,0.07866
MRSH,MARSH,XLF,0.07719
INTU,INTUIT,XLK,0.07715
CMCSA,COMCAST CLASS A,XLC,0.07675
BE,BLOOM ENERGY CLASS A,XLI,0.0761
MELI,MERCADOLIBRE,XLY,0.07607
TRV,TRAVELERS COMPANIES,XLF,0.07513
EOG,EOG RESOURCES,XLE,0.07509
MDLZ,MONDELEZ INTERNATIONAL CLASS A,XLP,0.07492
LITE,LUMENTUM HOLDINGS,XLK,0.07439
AMT,AMERICAN TOWER REIT,XLRE,0.07331
CI,CIGNA,XLV,0.07323
MSI,MOTOROLA SOLUTIONS INC,XLK,0.07281
REGN,REGENERON PHARMACEUTICALS,XLV,0.07279
ORLY,OREILLY AUTOMOTIVE INC,XLY,0.07265
SHW,SHERWIN WILLIAMS,XLB,0.07191
ITW,ILLINOIS TOOL INC,XLI,0.07179
ROST,ROSS STORES INC,XLY,0.07137
MCO,MOODYS CORP,XLF,0.07125
NSC,NORFOLK SOUTHERN CORP,XLI,0.07097
HLT,HILTON WORLDWIDE HOLDINGS,XLY,0.07088
GD,GENERAL DYNAMICS CORP,XLI,0.06975
TGT,TARGET CORP,XLP,0.06949
RCL,ROYAL CARIBBEAN GROUP,XLY,0.06943
MPWR,MONOLITHIC POWER SYSTEMS INC,XLK,0.06934
TER,TERADYNE,XLK,0.06828
URI,UNITED RENTALS,XLI,0.06828
CMI,CUMMINS INC,XLI,0.06807
ECL,ECOLAB,XLB,0.06786
CTAS,CINTAS,XLI,0.06784
DASH,DOORDASH CLASS A,XLY,0.0678
GM,GENERAL MOTORS,XLY,0.06689
WBD,WARNER BROS. DISCOVERY SERIES A,XLC,0.06687
DLR,DIGITAL REALTY TRUST REIT,XLRE,0.06635
ABNB,AIRBNB CLASS A,XLY,0.06554
HCA,HCA HEALTHCARE,XLV,0.06504
HON,HONEYWELL INTERNATIONAL INC,XLI,0.06443
KEYS,KEYSIGHT TECHNOLOGIES,XLK,0.06425
CL,COLGATE-PALMOLIVE,XLP,0.06368
UPS,UNITED PARCEL SERVICE INC CLASS B,XLI,0.06352
SLB,SLB,XLE,0.06348
AEP,AMERICAN ELECTRIC POWER INC,XLU,0.06217
APP,APPLOVIN CLASS A,XLC,0.06159
KMI,KINDER MORGAN,XLE,0.0607
COHR,COHERENT,XLK,0.05984
MNST,MONSTER BEVERAGE,XLP,0.05968
TEL,TE CONNECTIVITY PLC,XLK,0.05953
FDX,FEDEX CORP,XLI,0.05939
FIX,COMFORT SYSTEMS USA,XLI,0.05931
NOC,NORTHROP GRUMMAN CORP,XLI,0.0585
BSX,BOSTON SCIENTIFIC CORP,XLV,0.05834
APD,AIR PRODUCTS AND CHEMICALS,XLB,0.05807
NXPI,NXP SEMICONDUCTORS NV,XLK,0.05804
TRGP,TARGA RESOURCES,XLE,0.05793
TFC,TRUIST FINANCIAL,XLF,0.05745
SPG,SIMON PROPERTY GROUP REIT INC,XLRE,0.05704
CIEN,CIENA,XLK,0.05607
LNG,CHENIERE ENERGY,XLE,0.05594
AME,AMETEK INC,XLI,0.05547
WAB,WESTINGHOUSE AIR BRAKE TECHNOLOGIE,XLI,0.05526
GWW,WW GRAINGER INC,XLI,0.05458
DVN,DEVON ENERGY,XLE,0.05444
COR,CENCORA,XLV,0.05411
TDG,TRANSDIGM GROUP,XLI,0.05362
AJG,ARTHUR J GALLAGHER,XLF,0.05362
MET,METLIFE,XLF,0.05353
CAH,CARDINAL HEALTH,XLV,0.05337
AFL,AFLAC,XLF,0.05251
PCAR,PACCAR INC,XLI,0.05217
CRH,CRH PUBLIC LIMITED PLC,XLB,0.05212
OKE,ONEOK,XLE,0.05205
D,DOMINION ENERGY,XLU,0.05201
BKR,BAKER HUGHES CLASS A,XLE,0.05192
AON,AON PLC CLASS A,XLF,0.05176
ALL,ALLSTATE CORP,XLF,0.05175
ROK,ROCKWELL AUTOMATION INC,XLI,0.05161
NUE,NUCOR,XLB,0.05155
FAST,FASTENAL,XLI,0.05152
KKR,KKR AND CO INC,XLF,0.05146
EW,EDWARDS LIFESCIENCES,XLV,0.05096
VST,VISTRA,XLU,0.05095
PYPL,PAYPAL HOLDINGS,XLF,0.04931
NTRA,NATERA,XLV,0.04894
HUM,HUMANA,XLV,0.04856
ADSK,AUTODESK,XLK,0.04813
APO,APOLLO GLOBAL MANAGEMENT,XLF,0.04797
EBAY,EBAY,XLY,0.04771
HONA,HONEYWELL AEROSPACE INC,XLI,0.04764
O,REALTY INCOME REIT,XLRE,0.04742
ALAB,ASTERA LABS,XLK,0.04708
BDX,BECTON DICKINSON,XLV,0.0467
SRE,SEMPRA,XLU,0.04656
WAT,WATERS CORP,XLV,0.04601
A,AGILENT TECHNOLOGIES INC,XLV,0.04518
ETR,ENTERGY CORP,XLU,0.04512
VYLR,VYLOR,XLP,0.04437
AZO,AUTOZONE,XLY,0.04422
RSG,REPUBLIC SERVICES INC,XLI,0.04399
CARR,CARRIER GLOBAL,XLI,0.04363
P,EVERPURE INC CLASS A,XLK,0.04353
MSCI,MSCI,XLF,0.04333
VMRK,VIVMARK RESIDENTIAL,XLRE,0.04294
F,FORD MOTOR CO,XLY,0.04283
FERG,FERGUSON ENTERPRISES INC,XLI,0.04282
FLEX,FLEX LTD,XLK,0.04262
IQV,IQVIA HOLDINGS INC,XLV,0.04239
TWLO,TWILIO CLASS A,XLK,0.04209
NTAP,NETAPP INC,XLK,0.04207
AIG,AMERICAN INTERNATIONAL GROUP,XLF,0.04205
GRMN,GARMIN,XLY,0.04201
ADM,ARCHER DANIELS MIDLAND,XLP,0.04167
LHX,L3HARRIS TECHNOLOGIES,XLI,0.04151
MSTR,STRATEGY INC CLASS A,XLK,0.04117
AMP,AMERIPRISE FINANCE INC,XLF,0.04106
CBRE,CBRE GROUP CLASS A,XLRE,0.04049
IDXX,IDEXX LABORATORIES,XLV,0.04016
CMG,CHIPOTLE MEXICAN GRILL,XLY,0.03975
ILMN,ILLUMINA INC,XLV,0.0397
WDAY,WORKDAY CLASS A,XLK,0.03967
XEL,XCEL ENERGY INC,XLU,0.0396
OXY,OCCIDENTAL PETROLEUM CORP,XLE,0.03944
EXC,EXELON CORP,XLU,0.0394
NKE,NIKE CLASS B,XLY,0.03939
MCHP,MICROCHIP TECHNOLOGY INC,XLK,0.03894
RKLB,ROCKET LAB CORP,XLI,0.03881
PSA,PUBLIC STORAGE REIT,XLRE,0.03852
WCN,WASTE CONNECTIONS,XLI,0.03845
VEEV,VEEVA SYSTEMS CLASS A,XLV,0.03807
CVNA,CARVANA CLASS A,XLY,0.03806
NDAQ,NASDAQ INC,XLF,0.03778
XYZ,BLOCK CLASS A,XLF,0.03767
STT,STATE STREET,XLF,0.0375
JBL,JABIL,XLK,0.03745
FITB,FIFTH THIRD BANCORP,XLF,0.03725
SYY,SYSCO,XLP,0.03715
IRM,IRON MOUNTAIN INC,XLRE,0.03695
KR,KROGER,XLP,0.03691
PRU,PRUDENTIAL FINANCIAL INC,XLF,0.03669
YUM,YUM BRANDS,XLY,0.03642
HIG,HARTFORD INSURANCE GROUP,XLF,0.03613
DHI,D R HORTON,XLY,0.03563
STLD,STEEL DYNAMICS INC,XLB,0.03562
COIN,COINBASE GLOBAL INC CLASS A,XLF,0.03561
TTWO,TAKE TWO INTERACTIVE SOFTWARE,XLC,0.03552
EME,EMCOR GROUP,XLI,0.03501
ON,ON SEMICONDUCTOR CORP,XLK,0.03479
HPQ,HP INC,XLK,0.03454
ROP,ROPER TECHNOLOGIES,XLK,0.03415
ED,CONSOLIDATED EDISON,XLU,0.03405
KDP,KEURIG DR PEPPER INC,XLP,0.03389
CNC,CENTENE CORP,XLV,0.03372
ODFL,OLD DOMINION FREIGHT LINE,XLI,0.0337
CPAY,CORPAY,XLF,0.03312
SUNB,SUNBELT RENTALS HOLDINGS INC,XLI,0.03281
OKTA,OKTA CLASS A,XLK,0.03276
FANG,DIAMONDBACK ENERGY,XLE,0.03261
CRS,CARPENTER TECHNOLOGY,XLI,0.03252
RJF,RAYMOND JAMES,XLF,0.03244
AXON,AXON ENTERPRISE,XLI,0.03236
RMD,RESMED,XLV,0.03229
IBKR,INTERACTIVE BROKERS GROUP INC CLAS,XLF,0.03216
NVT,NVENT ELECTRIC PLC,XLI,0.03197
ZTS,ZOETIS INC CLASS A,XLV,0.03197
PAYX,PAYCHEX,XLI,0.03168
MTD,METTLER TOLEDO,XLV,0.03165
VMC,VULCAN MATERIALS,XLB,0.0316
PEG,PUBLIC SERVICE ENTERPRISE GROUP,XLU,0.03146
CRDO,CREDO TECHNOLOGY GROUP HOLDING LTD,XLK,0.03136
DXCM,DEXCOM INC,XLV,0.03107
VTR,VENTAS REIT,XLRE,0.031
NTRS,NORTHERN TRUST,XLF,0.03092
KMB,KIMBERLY CLARK,XLP,0.03089
EXPE,EXPEDIA GROUP,XLY,0.03079
LH,LABCORP HOLDINGS,XLV,0.03071
EXPD,EXPEDITORS INTERNATIONAL OF WASHIN,XLI,0.03023
MTB,M&T BANK,XLF,0.02944
VRSN,VERISIGN,XLK,0.02944
WST,WEST PHARMACEUTICAL SERVICES,XLV,0.02936
CFG,CITIZENS FINANCIAL GROUP INC,XLF,0.02895
FFIV,F5,XLK,0.02894
TEAM,ATLASSIAN CORP CLASS A,XLK,0.02885
KVUE,KENVUE,XLP,0.02881
ACGL,ARCH CAPITAL GROUP,XLF,0.02858
CBOE,CBOE GLOBAL MARKETS,XLF,0.02842
BIIB,BIOGEN,XLV,0.02835
EQT,EQT,XLE,0.0282
CINF,CINCINNATI FINANCIAL,XLF,0.0281
MLM,MARTIN MARIETTA MATERIALS,XLB,0.02809
ARES,ARES MANAGEMENT CLASS A,XLF,0.02781
HAL,HALLIBURTON,XLE,0.02772
WSM,WILLIAMS SONOMA INC,XLY,0.02764
DOV,DOVER CORP,XLI,0.02736
ALNY,ALNYLAM PHARMACEUTICALS,XLV,0.02718
RVMD,REVOLUTION MEDICINES,XLV,0.02717
WEC,WEC ENERGY GROUP,XLU,0.027
AEE,AMEREN,XLU,0.02682
IR,INGERSOLL RAND INC,XLI,0.02674
UTHR,UNITED THERAPEUTICS,XLV,0.0267
CCI,CROWN CASTLE INC,XLRE,0.02663
CTSH,COGNIZANT TECHNOLOGY SOLUTIONS CLA,XLK,0.02654
FTI,TECHNIPFMC PLC,XLE,0.02652
SYF,SYNCHRONY FINANCIAL,XLF,0.02634
OTIS,OTIS WORLDWIDE,XLI,0.02616
PPL,PPL CORP,XLU,0.02609
ATI,ATI,XLI,0.02597
MDB,MONGODB CLASS A,XLK,0.02594
EXR,EXTRA SPACE STORAGE REIT,XLRE,0.02589
PFG,PRINCIPAL FINANCIAL GROUP INC,XLF,0.02587
Q,QNITY ELECTRONICS,XLK,0.02545
DTE,DTE ENERGY,XLU,0.02521
FISV,FISERV INC,XLF,0.02495
LYV,LIVE NATION ENTERTAINMENT,XLC,0.02484
PHM,PULTEGROUP,XLY,0.02483
GEHC,GE HEALTHCARE TECHNOLOGIES,XLV,0.02482
RBLX,ROBLOX CLASS A,XLC,0.02444
DRI,DARDEN RESTAURANTS INC,XLY,0.02443
WTW,WILLIS TOWERS WATSON,XLF,0.02441
DG,DOLLAR GENERAL CORP,XLP,0.02437
PCG,PG&E CORP,XLU,0.02409
ULTA,ULTA BEAUTY INC,XLY,0.02404
CNP,CENTERPOINT ENERGY,XLU,0.02374
LPLA,LPL FINANCIAL HOLDINGS,XLF,0.02366
CCL,CARNIVAL CORP LTD,XLY,0.02356
HUBB,HUBBELL INC,XLI,0.02344
KEY,KEYCORP,XLF,0.02332
PTC,PTC,XLK,0.0233
ZM,ZOOM COMMUNICATIONS CLASS A,XLK,0.02324
TPR,TAPESTRY,XLY,0.02324
NI,NISOURCE,XLU,0.02318
INCY,INCYTE CORP,XLV,0.02297
DGX,QUEST DIAGNOSTICS INC,XLV,0.02275
XYL,XYLEM INC,XLI,0.02273
HBAN,HUNTINGTON BANCSHARES INC,XLF,0.0227
MKL,MARKEL GROUP,XLF,0.02262
ENTG,ENTEGRIS INC,XLK,0.02254
CPRT,COPART INC,XLI,0.0225
WRB,WR BERKLEY,XLF,0.02223
PPG,PPG INDUSTRIES,XLB,0.02211
HSY,HERSHEY FOODS,XLP,0.02199
RF,REGIONS FINANCIAL,XLF,0.02164
CASY,CASEYS GENERAL STORES INC,XLP,0.02148
TDY,TELEDYNE TECHNOLOGIES INC,XLK,0.02096
TROW,T ROWE PRICE GROUP,XLF,0.02093
DLTR,DOLLAR TREE INC,XLP,0.0208
VRSK,VERISK ANALYTICS,XLI,0.02069
EVRG,EVERGY,XLU,0.02067
FE,FIRSTENERGY CORP,XLU,0.02062
INSM,INSMED,XLV,0.02061
FWONK,LIBERTY MEDIA SERIES C,XLC,0.02042
RS,RELIANCE STEEL & ALUMINUM,XLB,0.02024
NRG,NRG ENERGY INC,XLU,0.0202
CRWV,COREWEAVE CLASS A,XLK,0.02011
GPN,GLOBAL PAYMENTS INC,XLF,0.02008
VLTO,VERALTO CORP,XLI,0.02004
SW,SMURFIT WESTROCK PLC,XLB,0.02003
TPL,TEXAS PACIFIC LAND,XLE,0.02
GPC,GENUINE PARTS,XLY,0.02
XPO,XPO,XLI,0.01998
CMS,CMS ENERGY,XLU,0.01993
SSNC,SS AND C TECHNOLOGIES HOLDINGS,XLI,0.01985
FSLR,FIRST SOLAR,XLK,0.01985
CDW,CDW,XLK,0.01981
ZS,ZSCALER,XLK,0.01954
VICI,VICI PPTYS INC,XLRE,0.01949
EIX,EDISON INTERNATIONAL,XLU,0.01938
ATO,ATMOS ENERGY,XLU,0.01937
JBHT,JB HUNT TRANSPORT SERVICES,XLI,0.01934
EL,ESTEE LAUDER INC CLASS A,XLP,0.01927
AWK,AMERICAN WATER WORKS,XLU,0.01925
IFF,INTERNATIONAL FLAVORS & FRAGRANCES,XLB,0.01914
CW,CURTISS WRIGHT,XLI,0.01906
SMCI,SUPER MICRO COMPUTER INC,XLK,0.019
BALL,BALL CORP,XLB,0.01898
GIS,GENERAL MILLS INC,XLP,0.01868
STZ,CONSTELLATION BRANDS CLASS A,XLP,0.01847
BR,BROADRIDGE FINANCIAL SOLUTIONS INC,XLI,0.01833
SBAC,SBA COMMUNICATIONS REIT CORP CLASS,XLRE,0.01823
FTV,FORTIVE,XLI,0.01808
SWKS,SKYWORKS SOLUTIONS,XLK,0.01808
SOFI,SOFI TECHNOLOGIES,XLF,0.01805
FCNCA,FIRST CITIZENS BANCSHARES CLASS A,XLF,0.01803
AMRZ,AMRIZE AG,XLB,0.01794
SNA,SNAP ON INC,XLI,0.01791
MAS,MASCO,XLI,0.01788
ES,EVERSOURCE ENERGY,XLU,0.01785
OMC,OMNICOM GROUP INC,XLC,0.01785
STE,STERIS,XLV,0.01784
L,LOEWS,XLF,0.01779
AFRM,AFFIRM HOLDINGS CLASS A,XLF,0.01765
HEI.A,HEICO CLASS A,XLI,0.01763
FTAI,FTAI AVIATION,XLI,0.01743
DOW,DOW,XLB,0.01742
DAL,DELTA AIR LINES,XLI,0.01729
CHD,CHURCH AND DWIGHT INC,XLP,0.01724
CF,CF INDUSTRIES HOLDINGS INC,XLB,0.01713
BURL,BURLINGTON STORES,XLY,0.01704
FIS,FIDELITY NATIONAL INFORMATION SERV,XLF,0.01702
EFX,EQUIFAX,XLI,0.01701
EXE,EXPAND ENERGY,XLE,0.017
ZBH,ZIMMER BIOMET HOLDINGS,XLV,0.01697
DD,DUPONT DE NEMOURS,XLI,0.01695
BBY,BEST BUY,XLY,0.01694
IEX,IDEX,XLI,0.01689
RPRX,ROYALTY PHARMA PLC CLASS A,XLV,0.01688
J,JACOBS SOLUTIONS INC,XLI,0.01685
CDE,COEUR MINING,XLB,0.01679
FN,FABRINET,XLK,0.01666
BG,BUNGE GLOBAL SA,XLP,0.01661
TSCO,TRACTOR SUPPLY,XLY,0.01632
TSN,TYSON FOODS INC CLASS A,XLP,0.0163
WPC,W. P. CAREY REIT,XLRE,0.01622
AMCR,AMCOR PLC,XLB,0.01597
LNT,ALLIANT ENERGY CORP,XLU,0.01588
GEN,GEN DIGITAL,XLK,0.01581
ESS,ESSEX PROPERTY TRUST REIT,XLRE,0.01575
BRO,BROWN & BROWN INC,XLF,0.0156
CHRW,CH ROBINSON WORLDWIDE,XLI,0.0153
KHC,KRAFT HEINZ,XLP,0.01527
FICO,FAIR ISAAC,XLK,0.0152
LDOS,LEIDOS HOLDINGS,XLI,0.01507
RDDT,REDDIT CLASS A,XLC,0.01503
HEI,HEICO,XLI,0.01492
IP,INTERNATIONAL PAPER,XLB,0.01489
PKG,PACKAGING CORP OF AMERICA,XLB,0.01476
INVH,INVITATION HOMES,XLRE,0.01432
LEN,LENNAR A CLASS A,XLY,0.01426
PNFP,PINNACLE FINANCIAL PARTNERS,XLF,0.01375
TRU,TRANSUNION,XLI,0.01368
NBIX,NEUROCRINE BIOSCIENCES,XLV,0.01357
MAA,MID AMERICA APARTMENT COMMUNITIES,XLRE,0.01349
ASTS,AST SPACEMOBILE CLASS A,XLC,0.01343
KIM,KIMCO REALTY REIT CORP,XLRE,0.01322
MTZ,MASTEC INC,XLI,0.01321
TOST,TOAST CLASS A,XLF,0.0132
ECHO,ECHOSTAR CLASS A,XLC,0.01315
LII,LENNOX INTERNATIONAL,XLI,0.013
LYB,LYONDELLBASELL INDUSTRIES CLASS A,XLB,0.01279
IOT,SAMSARA CLASS A,XLK,0.01269
IREN,IREN,XLK,0.01267
FLUT,FLUTTER ENTERTAINMENT PLC,XLY,0.01267
WY,WEYERHAEUSER REIT,XLRE,0.01257
EG,EVEREST GROUP,XLF,0.01233
TXT,TEXTRON INC,XLI,0.01214
CRCL,CIRCLE INTERNET GROUP INC CLASS A,XLK,0.01193
MKC,MCCORMICK & CO NON-VOTING,XLP,0.01192
REG,REGENCY CENTERS REIT CORP,XLRE,0.01182
DECK,DECKERS OUTDOOR,XLY,0.01173
FDXF,FEDEX FREIGHT HOLDING COMPANY INC,XLI,0.01149
SUI,SUN COMMUNITIES REIT INC,XLRE,0.01139
NDSN,NORDSON,XLI,0.01122
ROL,ROLLINS INC,XLI,0.01119
TW,TRADEWEB MARKETS INC CLASS A,XLF,0.01099
COO,COOPER,XLV,0.01087
LVS,LAS VEGAS SANDS,XLY,0.0108
FOX,FOX CLASS B,XLC,0.01065
NVR,NVR,XLY,0.01051
NWSA,NEWS CLASS A,XLC,0.01031
RKT,ROCKET COMPANIES INC CLASS A,XLF,0.01004
MDLN,MEDLINE CLASS A,XLV,0.01004
RIVN,RIVIAN AUTOMOTIVE INC CLASS A,XLY,0.00978
CHTR,CHARTER COMMUNICATIONS CLASS A,XLC,0.00954
CG,CARLYLE GROUP INC,XLF,0.00931
CRBG,COREBRIDGE FINANCIAL INC,XLF,0.00917
CTVA,CORTEVA,XLB,0.00846
WSO,WATSCO,XLI,0.00832
NLY,ANNALY CAPITAL MANAGEMENT REIT,XLF,0.00823
DKS,DICKS SPORTING,XLY,0.00738
UAL,UNITED AIRLINES HOLDINGS,XLI,0.00685
FNF,FIDELITY NATIONAL FINANCIAL INC,XLF,0.00684
FOXA,FOX CLASS A,XLC,0.00657
ROIV,ROIVANT SCIENCES LTD,XLV,0.00498
H,HYATT HOTELS CORP CLASS A,XLY,0.00431
